Name,Email,Financial Status,Paid at,Fulfillment Status,Fulfilled at,Accepts Marketing,Currency,Subtotal,Shipping,Taxes,Total,Discount Code,Discount Amount,Shipping Method,Created at,Lineitem quantity,Lineitem name,Lineitem price,Lineitem compare-at price,Lineitem SKU,Lineitem requires shipping,Lineitem taxable,Lineitem fulfillment status,Shipping Name,Shipping Street,Shipping Address1,Shipping Address2,Shipping Company,Shipping City,Shipping Zip,Shipping Province,Shipping Country,Shipping Phone,Notes,Canceled at,Payment Method,Refunded Amount,Vendor,Location,Id,Tags,Source,Phone,Fulfillment Location
#2001,olivia.reyes@example.com,paid,2026-10-08 09:16:02 -0700,unfulfilled,,no,USD,29.85,7.95,0.00,37.80,,0.00,Standard,2026-10-08 09:15:40 -0700,2,Gel Polish Shade 104,9.95,,GEL-104,true,true,pending,Olivia Reyes,1420 Beach Blvd,1420 Beach Blvd,,,Stanton,90680,CA,US,,,,Shopify Payments,0.00,ShipRadar Demo Supply,,5800002001,,web,,
#2001,,,,,,,,,,,,,,,,1,Cuticle Oil 15ml,9.95,,CUTI-OIL-15,true,true,pending,,,,,,,,,,,,,,,ShipRadar Demo Supply,,,,,,
#2002,marcus.lee@example.com,paid,2026-10-07 14:02:11 -0400,fulfilled,2026-10-08 10:30:00 -0400,no,USD,45.00,0.00,0.00,45.00,,0.00,Free shipping,2026-10-07 14:01:55 -0400,1,UV/LED Nail Lamp 48W,45.00,,LAMP-UVLED-48W,true,true,fulfilled,Marcus Lee,88 Grand St Apt 4B,88 Grand St,Apt 4B,,Jersey City,07302,NJ,US,,,,Shopify Payments,0.00,ShipRadar Demo Supply,,5800002002,,web,,NJ
#2003,hannah.nguyen@example.com,pending,,unfulfilled,,no,USD,54.50,7.95,0.00,62.45,,0.00,Standard,2026-10-08 18:40:00 -0700,1,Rubber Base Coat 15ml,12.50,,BASE-RUBBER,true,true,pending,Hannah Nguyen,2211 W Lincoln Ave Suite 120,2211 W Lincoln Ave,Suite 120,,Anaheim,92801,CA,US,,,,Shopify Payments,0.00,ShipRadar Demo Supply,,5800002003,,web,,
#2003,,,,,,,,,,,,,,,,1,No-Wipe Top Coat 15ml,12.50,,TOP-NOWIPE,true,true,pending,,,,,,,,,,,,,,,ShipRadar Demo Supply,,,,,,
#2003,,,,,,,,,,,,,,,,1,Acrylic Liquid Monomer 8oz,24.00,,ACR-LIQ-8OZ,true,true,pending,,,,,,,,,,,,,,,ShipRadar Demo Supply,,,,,,
#2004,dev.patel@example.com,paid,2026-10-09 07:05:30 -0400,unfulfilled,,no,USD,19.90,7.95,0.00,27.85,,0.00,Expedited,2026-10-09 07:05:12 -0400,2,Gel Polish Shade 110,9.95,,GEL-110,true,true,pending,Dev Patel,15 Beacon St,15 Beacon St,,,Boston,2108,MA,US,,,,Shopify Payments,0.00,ShipRadar Demo Supply,,5800002004,excel-edited,web,,NJ
#2005,sam.ortiz@example.com,voided,,unfulfilled,,no,USD,18.00,7.95,0.00,25.95,,0.00,Standard,2026-10-05 11:20:00 -0700,1,Acrylic Powder Clear 2oz,18.00,,ACR-POW-CLEAR,true,true,pending,Sam Ortiz,301 Main St,301 Main St,,,Huntington Beach,92648,CA,US,,,2026-10-05 12:02:00 -0700,Shopify Payments,0.00,ShipRadar Demo Supply,,5800002005,,web,,
#2006,lena.kim@example.com,lost,2026-10-09 10:00:00 -0700,unfulfilled,,no,USD,9.95,7.95,0.00,17.90,,0.00,Standard,2026-10-09 09:59:00 -0700,1,Gel Polish Shade 101,9.95,,GEL-101,true,true,pending,Lena Kim,7 Ocean Ave,7 Ocean Ave,,,Long Beach,90802,CA,US,,,,Shopify Payments,0.00,ShipRadar Demo Supply,,5800002006,,web,,
#2007,tom.baker@example.com,paid,2026-10-09 11:00:00 -0700,unfulfilled,,no,USD,24.95,7.95,0.00,32.90,,0.00,Standard,2026-10-09 10:58:00 -0700,1,Gel Remover 1L,13.50,,REMOVER-1L,true,true,pending,Tom Baker,560 Harbor Blvd,560 Harbor Blvd,,,Fullerton,92832,CA,US,,,,Shopify Payments,0.00,ShipRadar Demo Supply,,5800002007,,web,,
#2007,,,,,,,,,,,,,,,,two,4-Way Buffer Block (20 pack),11.00,,BUFF-4WAY,true,true,pending,,,,,,,,,,,,,,,ShipRadar Demo Supply,,,,,,
#2008,ana.silva@example.com,paid,2026-10-09 08:30:00 -0500,unfulfilled,,no,USD,16.50,7.95,0.00,24.45,,0.00,Standard,2026-10-09 08:29:40 -0500,1,Carbide Drill Bit Barrel,16.50,,DRILL-BIT-CB,true,true,pending,Ana Silva,1200 Main St,1200 Main St,,,Dallas,75202,TX,US,,,,Shopify Payments,0.00,ShipRadar Demo Supply,,5800002008,,web,,TX
#2009,jay.chen@example.com,paid,2026-10-09 12:10:00 -0700,unfulfilled,,no,USD,29.85,7.95,0.00,37.80,,0.00,Standard,2026-10-09 12:09:30 -0700,3,Gel Polish Shade 999 (discontinued),9.95,,GEL-999,true,true,pending,Jay Chen,14 Garden Grove Blvd,14 Garden Grove Blvd,,,Garden Grove,92840,CA,US,,,,Shopify Payments,0.00,ShipRadar Demo Supply,,5800002009,,web,,
